post_id,likes,comments,hashtags
post_1,7111,191,travel#fitness#food#fashion#music
post_2,6153,183,tech#nature
post_3,9441,98,fashion#art#food#lifestyle
post_4,5593,240,lifestyle#tech#nature#fashion#travel
post_5,5408,975,art
post_6,3202,288,travel#food#photography
post_7,151,821,photography#travel#nature
post_8,1939,163,fashion#photography#fitness#lifestyle
post_9,756,438,fashion#art
post_10,9500,500,nature#food#music#art#photography
post_11,6827,623,food
post_12,5519,745,nature#travel#photography#tech
post_13,8336,454,lifestyle#tech
post_14,9391,200,travel#lifestyle#tech
post_15,9661,477,food#fashion#travel#tech#nature
post_16,2697,70,nature
post_17,1349,228,tech#fitness#travel#lifestyle#photography
post_18,3775,395,fashion#food#music#travel
post_19,9240,167,tech#travel#art#nature#food
post_20,9622,195,tech#travel
post_21,6390,401,food#music#art#travel
post_22,2444,36,art#travel#nature#music#photography
post_23,7112,566,travel#art#food#fitness#tech
post_24,9633,404,nature
post_25,3073,648,photography#lifestyle
post_26,3307,443,fitness#art#photography#tech#music
post_27,2693,418,fitness#art#food#fashion#music
post_28,5220,628,nature
post_29,9383,107,photography#fitness
post_30,7491,188,fitness
post_31,44,613,music
post_32,2162,3,art#fashion
post_33,9115,168,nature
post_34,7622,591,fashion#tech#photography
post_35,3665,967,lifestyle#tech#fitness#fashion#music
post_36,6228,305,art
post_37,9213,613,music
post_38,458,275,travel
post_39,1767,706,lifestyle#tech#fashion
post_40,6121,113,food#lifestyle
post_41,9277,838,music#tech#travel#fashion
post_42,238,168,art#fitness#lifestyle#music
post_43,8585,18,food#tech
post_44,5727,936,fitness#fashion#tech#art#travel
post_45,5755,25,photography
post_46,5361,599,travel#food
post_47,8008,179,music#nature#fashion
post_48,6462,958,fitness
post_49,991,887,music#photography#nature#fitness
post_50,1266,495,music#photography#nature
post_51,8253,640,food#art#music
post_52,4675,483,food#nature#fitness#photography
post_53,5796,424,music#food#art#lifestyle#fitness
post_54,3689,393,fashion#nature#food#fitness
post_55,576,537,food
post_56,8035,853,nature#lifestyle#fitness#tech
post_57,6894,931,food#lifestyle
post_58,501,375,music#nature#tech#fashion#photography
post_59,5002,286,art#food#photography#fitness#travel
post_60,5335,683,photography
post_61,9063,850,photography#nature#music#travel
post_62,7362,591,food#music#art
post_63,6657,753,fashion
post_64,8973,656,lifestyle#photography
post_65,8301,668,lifestyle
post_66,2240,806,lifestyle#food#photography
post_67,345,376,art#food#nature#tech
post_68,9361,748,food
post_69,9840,310,nature#tech#travel#music
post_70,2082,261,travel#food#photography#lifestyle
post_71,6671,239,fitness
post_72,6286,628,fashion#photography
post_73,4114,593,art#nature#fashion#lifestyle#food
post_74,1212,66,music#photography
post_75,1214,143,fitness
post_76,6669,502,fitness
post_77,1776,502,fitness
post_78,9326,75,art#travel#fashion#food#lifestyle
post_79,5766,510,travel#fitness
post_80,5975,847,art#food#tech#travel
post_81,9013,186,travel#photography#music#lifestyle#fashion
post_82,449,522,art#fashion#photography
post_83,1026,690,tech#fitness#photography#lifestyle
post_84,4612,330,fashion
post_85,5061,497,music#photography#fitness#art#tech
post_86,7303,236,lifestyle#fashion#fitness
post_87,6555,372,photography#food#art
post_88,6315,68,fashion
post_89,7762,118,tech#travel#nature#music
post_90,7745,305,music#travel#art#photography
post_91,9165,120,photography#nature#fashion#tech
post_92,6008,871,music
post_93,1913,454,food#photography
post_94,4867,430,fitness#travel#food
post_95,4887,717,travel#fitness#photography#music#lifestyle
post_96,2877,347,nature#music#photography#food#fashion
post_97,8452,376,food
post_98,2551,998,travel#food#nature#fashion
post_99,3812,232,photography
post_100,4848,397,art#fitness#lifestyle
post_101,5577,543,photography#travel#food#tech
post_102,571,625,food#fitness
post_103,6557,38,travel#photography#nature#food#fashion
post_104,7825,212,nature#photography#travel#fashion#food
post_105,9267,658,music#fitness
post_106,2755,950,fashion#art#nature
post_107,4246,317,lifestyle#travel
post_108,5524,186,travel
post_109,4754,331,photography
post_110,7525,462,fashion
post_111,6992,502,photography#nature#tech
post_112,9574,186,tech#nature
post_113,6041,171,nature#music#travel#fashion
post_114,7835,321,fitness
post_115,811,554,fashion#nature
post_116,4393,738,photography#tech#food
post_117,9182,709,tech#food#fashion#lifestyle
post_118,2537,645,fitness
post_119,1135,331,music#nature#photography#food#tech
post_120,2979,285,nature
post_121,3678,393,fashion
post_122,5204,208,travel#lifestyle
post_123,814,316,music#photography#fitness#travel#art
post_124,1333,121,tech#photography#lifestyle#nature
post_125,5922,984,art
post_126,8741,77,music
post_127,5364,749,travel#music
post_128,4343,225,art#music#lifestyle
post_129,8337,346,photography#lifestyle#art#nature#food
post_130,6305,464,tech#photography#food
post_131,4368,776,nature#photography#music#tech#travel
post_132,3621,167,lifestyle
post_133,6509,246,lifestyle
post_134,1167,702,food#art#tech#nature
post_135,5371,199,art#fashion#music#nature#photography
post_136,1565,300,art#fitness
post_137,3036,496,photography#fitness#tech#lifestyle
post_138,8581,758,lifestyle#food
post_139,4213,652,art#nature#tech#fitness
post_140,397,401,food#fashion#nature#music
post_141,8419,472,photography#food#music#travel#art
post_142,3934,787,food#tech#fitness#art
post_143,4351,212,fashion#lifestyle#food#photography
post_144,8629,598,music#food#tech#nature#fitness
post_145,4086,409,photography#fashion#fitness#nature
post_146,132,126,fashion#photography#tech#lifestyle#music
post_147,4442,824,lifestyle#photography#travel
post_148,155,183,photography
post_149,464,9,photography#fitness#lifestyle#food
post_150,7487,140,travel#food#fashion#music
post_151,2906,769,nature#art#tech#food
post_152,390,813,travel#tech#fashion
post_153,6182,217,nature
post_154,7993,916,lifestyle
post_155,3123,18,art#tech#nature#photography
post_156,1469,522,nature
post_157,8114,841,music
post_158,1147,575,fitness
post_159,7675,412,lifestyle#travel#food#fitness
post_160,8529,418,fashion#travel#food
post_161,468,3,photography#fashion
post_162,3354,4,art#travel
post_163,7396,846,travel#nature#tech#food#fitness
post_164,3897,264,fitness#tech#travel
post_165,9094,520,nature#music
post_166,9933,868,photography#nature#lifestyle#fashion
post_167,1397,161,food#tech#fashion#photography#music
post_168,2680,887,food#tech#lifestyle
post_169,843,229,nature
post_170,3406,456,tech
post_171,2588,92,photography#travel#fitness#tech
post_172,9809,919,nature#tech#lifestyle#food
post_173,6560,245,tech
post_174,2539,385,travel#photography#nature
post_175,3266,317,fitness#music#nature#food#fashion
post_176,2282,67,lifestyle#fitness#tech#nature
post_177,8951,993,fitness#lifestyle#fashion
post_178,9822,61,fitness#nature#food#art#travel
post_179,1848,40,photography#nature
post_180,9194,78,art#fitness#food#tech#photography
post_181,491,753,photography#travel#fashion#art
post_182,7087,122,nature#photography#travel#tech#music
post_183,7882,861,food#tech#music#fashion#fitness
post_184,6228,74,travel
post_185,2871,312,lifestyle#art#tech#photography#food
post_186,3778,151,tech#lifestyle
post_187,9474,166,fitness#tech#lifestyle#fashion#photography
post_188,5594,988,nature#music#food#tech
post_189,1563,64,lifestyle
post_190,7293,644,photography#travel#fitness#fashion#music
post_191,6124,865,tech#photography#music#art#nature
post_192,558,642,nature
post_193,5873,317,art#food#lifestyle#nature
post_194,2393,210,travel#nature
post_195,1050,713,photography#fitness#fashion#lifestyle
post_196,2861,837,fitness#art
post_197,2468,519,art#photography#travel#fashion
post_198,6358,878,tech#travel#lifestyle#photography
post_199,9563,925,food#art#music#photography#nature
post_200,1496,945,fashion#music
post_201,9066,454,music#fashion#nature#tech
post_202,716,209,art
post_203,6682,772,tech#music
post_204,324,705,art#music#fashion#travel#nature
post_205,7564,341,fitness#photography#art
post_206,7416,539,travel#tech#nature
post_207,5069,96,fitness
post_208,7072,329,tech
post_209,1308,968,travel
post_210,1736,316,food#fashion#art#fitness
post_211,2898,242,fashion
post_212,6198,401,tech#fashion
post_213,5218,916,lifestyle#art#fashion#music
post_214,8907,916,nature#tech
post_215,1723,81,fitness#travel#nature
post_216,6765,336,lifestyle#fashion#nature
post_217,8343,436,tech#fitness
post_218,6499,479,lifestyle#nature#fitness
post_219,7791,19,art#nature#lifestyle#travel#fitness
post_220,7977,788,food#fashion
post_221,269,217,travel
post_222,9990,860,travel#art#fashion#fitness
post_223,4809,756,lifestyle#fashion#nature#art#fitness
post_224,4097,737,music#tech
post_225,8367,916,lifestyle#travel#art#tech#photography
post_226,24,178,fitness
post_227,7210,806,lifestyle#nature#tech
post_228,1796,342,lifestyle#fitness#music#nature#fashion
post_229,4975,286,tech#travel#fitness#art
post_230,9377,368,travel#photography#food#nature
post_231,7039,795,music#tech#photography#nature
post_232,1333,138,lifestyle
post_233,8403,77,tech#nature
post_234,2548,237,photography#fitness
post_235,6520,171,food#travel#lifestyle
post_236,8527,222,art
post_237,1562,178,music
post_238,7829,748,food#photography#fashion#tech
post_239,1012,763,lifestyle#music
post_240,3297,563,photography#fitness
post_241,3018,758,photography#lifestyle#fitness#fashion#nature
post_242,7052,696,nature#music#art#food
post_243,4290,392,lifestyle#fashion#music
post_244,3414,215,fitness#lifestyle#tech#art#food
post_245,7876,856,fashion#tech#photography#nature
post_246,8544,682,lifestyle
post_247,5060,60,fashion
post_248,4769,726,travel#fitness
post_249,1479,480,nature#music#lifestyle#fitness#travel
post_250,6651,463,fashion#nature#lifestyle
post_251,6796,871,music#tech
post_252,9825,49,food#nature#fitness#photography
post_253,583,717,lifestyle#food#fashion#music#nature
post_254,2445,776,travel#food
post_255,1897,657,fitness#tech
post_256,435,461,tech#photography
post_257,2968,44,lifestyle#nature
post_258,9247,906,fashion#food#photography
post_259,3997,630,fitness#art#fashion#music
post_260,3609,432,nature#lifestyle#fashion#art#tech
post_261,1984,550,tech#food#fitness
post_262,2958,629,lifestyle
post_263,4604,208,fashion#music#art
post_264,8505,864,tech#fitness
post_265,2806,731,art#fashion#food#fitness
post_266,5787,303,art#photography#music
post_267,8662,388,fashion
post_268,6450,641,lifestyle#travel#fitness#music
post_269,5513,644,food#travel#fashion#photography
post_270,2025,302,nature#lifestyle#photography#travel
post_271,90,692,art#food#photography#music
post_272,7809,533,fitness#food#travel#photography#fashion
post_273,1853,312,photography#tech#music#travel
post_274,5016,589,food#tech#lifestyle#fitness
post_275,1585,388,fashion#music
post_276,8033,339,lifestyle#photography#nature
post_277,8337,505,nature#travel#music#food#fashion
post_278,1357,876,fashion#photography
post_279,8181,551,music#fashion
post_280,4644,548,lifestyle#photography
post_281,6138,645,photography#travel#art#food#tech
post_282,3099,87,music#art#fitness
post_283,3078,761,fitness
post_284,9712,489,lifestyle
post_285,5876,131,tech#nature#fitness#travel
post_286,5956,928,fashion#lifestyle#art#nature#food
post_287,8635,479,travel#tech#art#music
post_288,1748,33,lifestyle#fashion#tech#nature#music
post_289,17,826,fashion
post_290,1803,947,art
post_291,3332,643,music#tech#lifestyle#fashion
post_292,3015,172,nature#photography#travel
post_293,1403,800,fitness#lifestyle#music#tech
post_294,7966,263,fitness#travel#photography#fashion
post_295,6497,537,food#lifestyle#nature
post_296,5426,951,travel#tech
post_297,6359,263,tech#music#lifestyle
post_298,6903,308,tech#fashion#food#travel
post_299,5576,972,photography#music#travel#lifestyle
post_300,1217,124,travel#tech#photography#lifestyle#art
post_301,6464,266,fashion#fitness#art#photography#lifestyle
post_302,9601,852,fashion#tech#art
post_303,7732,191,tech#nature#food#lifestyle
post_304,6784,663,photography#tech#music
post_305,6499,815,fitness#nature#music#tech
post_306,9255,261,art#tech#food
post_307,905,622,food
post_308,5447,269,art#photography#fitness
post_309,6298,25,art#tech#music#lifestyle
post_310,8378,872,music#nature#fitness#food#lifestyle
post_311,1370,584,lifestyle#music#fashion
post_312,58,483,travel#tech#music#lifestyle
post_313,4361,996,fashion#music
post_314,8586,200,travel#lifestyle#food#tech
post_315,2416,800,food#art#fitness#travel#lifestyle
post_316,1193,827,music#nature#fashion
post_317,2240,55,fashion#food#lifestyle
post_318,5468,313,nature#music#tech#photography
post_319,3612,227,fitness#lifestyle
post_320,8409,393,fashion#tech#lifestyle#music
post_321,2920,622,lifestyle#fashion#photography#tech#food
post_322,7763,661,music#fashion#nature#fitness
post_323,8595,545,photography#art#music#fashion#food
post_324,4830,983,lifestyle#fashion#music#photography
post_325,8144,109,food#lifestyle
post_326,4021,153,tech#fitness#lifestyle#nature
post_327,6016,756,photography#food
post_328,3963,888,food
post_329,6230,19,fitness#art#lifestyle#food#photography
post_330,382,801,nature#food#lifestyle#tech
post_331,9362,415,food#fitness
post_332,37,457,music
post_333,9165,583,music#photography#tech
post_334,6356,598,lifestyle#nature
post_335,3785,442,lifestyle
post_336,8252,888,fitness#nature
post_337,5505,700,tech#food#nature#fashion#lifestyle
post_338,5376,842,fashion#tech
post_339,1711,300,fitness#travel
post_340,2117,801,nature#music#fitness#tech#fashion
post_341,9420,614,tech#travel
post_342,8075,878,tech#photography
post_343,2632,603,nature
post_344,5911,297,lifestyle#food#nature
post_345,9345,810,food
post_346,2854,493,travel#tech#fashion#nature
post_347,6537,917,lifestyle
post_348,7863,223,fashion#music#food
post_349,2520,480,art#food#music
post_350,7014,516,music#tech#art#lifestyle
post_351,1592,466,travel#food#fashion
post_352,39,6,fitness#art
post_353,9114,145,music
post_354,8566,383,lifestyle#nature#food#tech#art
post_355,826,878,nature#tech
post_356,2592,353,photography#food#nature
post_357,8934,41,art#travel#fashion#food#fitness
post_358,5709,321,music
post_359,4302,561,fitness#fashion#nature#lifestyle
post_360,714,908,nature#music#fashion#photography
post_361,6922,406,art#food
post_362,2329,148,music#travel#photography
post_363,3154,875,tech#fashion
post_364,9178,370,fitness#fashion#art
post_365,1046,949,photography#music#fashion#fitness
post_366,4024,847,fitness
post_367,8228,993,art#music#nature#travel
post_368,8555,435,photography#nature
post_369,494,644,nature
post_370,5543,239,fashion#art
post_371,3954,252,art#music
post_372,4982,607,music#lifestyle#nature
post_373,6768,67,travel#fitness#nature#lifestyle
post_374,1181,677,fitness#fashion#photography#lifestyle
post_375,99,327,travel#tech#nature
post_376,6552,815,fitness#art#lifestyle
post_377,9393,233,food#travel#fitness
post_378,3908,92,food
post_379,4298,514,music
post_380,3934,382,lifestyle#nature#photography
post_381,2501,741,tech
post_382,6214,595,fashion#art#photography#lifestyle#tech
post_383,1436,289,photography#music#nature#fitness
post_384,4711,663,nature#food#music
post_385,9111,311,fashion#art#lifestyle#fitness
post_386,7262,459,music
post_387,6004,457,food#photography#tech
post_388,1918,813,photography#nature#fashion
post_389,5461,937,nature
post_390,8488,982,music#travel
post_391,834,308,photography#tech
post_392,725,423,nature#photography#lifestyle#food
post_393,9805,971,fitness#fashion#travel#photography#food
post_394,511,285,photography#fashion#music
post_395,7759,721,art#food#photography#lifestyle#travel
post_396,1331,669,art#fashion#tech#nature
post_397,8447,601,travel
post_398,2440,564,fitness#travel#music#food
post_399,3554,513,nature#art#lifestyle
post_400,2043,169,photography
post_401,4796,873,music#food#lifestyle#art#nature
post_402,9718,858,music#nature#fashion
post_403,1066,392,lifestyle#fitness#fashion#nature
post_404,3659,496,fashion#food
post_405,4892,745,fashion#travel#lifestyle#fitness#nature
post_406,6849,309,nature#food#fashion#lifestyle
post_407,4010,943,fashion#travel#photography#lifestyle#music
post_408,3016,904,music#art#food#travel#fashion
post_409,5142,443,tech#fitness
post_410,4857,441,lifestyle#art#nature
post_411,3320,785,fashion#fitness#travel#food#art
post_412,7318,45,photography#food#lifestyle#nature
post_413,9730,798,nature#art#tech#food#fashion
post_414,2043,507,music#fashion#art#nature#lifestyle
post_415,9994,549,travel#photography#art#nature#tech
post_416,8831,341,art#lifestyle#fitness#fashion
post_417,5942,315,music#fitness#nature
post_418,3876,939,food#travel#art
post_419,3542,202,music
post_420,9779,375,tech
post_421,2343,731,fitness#tech
post_422,1296,454,tech
post_423,4693,79,art#fashion#food#music#travel
post_424,5985,684,travel#tech#art
post_425,2097,408,travel
post_426,5138,844,fashion#music#nature#photography
post_427,1502,779,food#music#photography
post_428,4955,526,lifestyle
post_429,4199,339,nature#fitness
post_430,7346,972,photography
post_431,6931,938,food
post_432,1182,639,food#fitness
post_433,5732,17,art#lifestyle
post_434,8661,835,art
post_435,4859,855,photography#nature
post_436,4805,683,music#fitness#photography#fashion#tech
post_437,8324,344,travel#fitness
post_438,6015,704,photography#music#food#art
post_439,8099,364,lifestyle#fitness#music#tech#travel
post_440,562,718,travel#nature#music#fashion#tech
post_441,5773,232,photography
post_442,133,158,fitness#art#travel#fashion#food
post_443,222,171,fashion#travel#art
post_444,6739,889,photography#nature#lifestyle
post_445,1703,971,lifestyle#tech#food
post_446,3493,667,tech#travel
post_447,4072,701,nature#fashion
post_448,6848,109,fashion#lifestyle
post_449,6323,276,photography#art#fitness#lifestyle
post_450,6735,795,nature
post_451,1152,558,travel#fashion#food#tech#nature
post_452,7051,919,photography#art#lifestyle
post_453,2751,416,food#fitness#lifestyle#nature#music
post_454,4945,239,fashion#lifestyle#art#food#fitness
post_455,3097,351,music#art#food#nature#fashion
post_456,652,23,travel#fashion#art#music#tech
post_457,7189,237,fashion#photography#food#lifestyle
post_458,3641,341,photography#music#lifestyle
post_459,502,361,photography
post_460,3639,123,photography
post_461,8145,185,lifestyle#photography#art#fitness
post_462,3106,492,fashion
post_463,179,378,lifestyle
post_464,5430,287,fitness#fashion#food#music
post_465,7390,315,nature#fitness#food#music
post_466,2186,989,photography#nature#travel#lifestyle
post_467,8110,582,nature#tech#music
post_468,1463,611,travel#nature
post_469,1795,114,nature#art#fashion
post_470,9085,54,music#nature#fashion#fitness#travel
post_471,6127,171,fashion#music#photography#food#fitness
post_472,7693,421,photography
post_473,4315,819,food
post_474,351,724,lifestyle#nature
post_475,6943,17,lifestyle#food
post_476,2171,37,music#tech#fashion
post_477,7859,501,lifestyle#music#fitness
post_478,5248,876,lifestyle#fitness#art#travel#music
post_479,4747,50,art#fitness#fashion
post_480,9413,437,photography#fashion#tech
post_481,9595,443,travel#fashion#lifestyle#nature#music
post_482,4986,423,fashion#photography
post_483,9772,795,lifestyle#travel#photography#nature#fitness
post_484,9070,149,art
post_485,2136,816,tech
post_486,334,86,tech#music#lifestyle#fashion#nature
post_487,5110,363,art
post_488,1510,660,tech
post_489,9551,629,food#fashion
post_490,7117,961,fitness#art#food#tech
post_491,3605,525,tech#lifestyle
post_492,3625,798,travel#lifestyle
post_493,2701,804,fashion
post_494,3079,255,food#nature#tech#lifestyle#music
post_495,8352,274,food
post_496,4708,476,photography#travel#fitness#nature#lifestyle
post_497,2258,81,photography#travel
post_498,4938,701,nature#tech#lifestyle#travel
post_499,4822,62,photography#lifestyle#food#fitness
post_500,159,798,lifestyle#music#nature#art
post_501,1493,114,art#nature
post_502,9628,307,nature#fashion#photography#tech
post_503,7506,574,nature#food
post_504,8988,952,fitness#photography#art
post_505,4377,167,fashion#photography#lifestyle#art#nature
post_506,3156,699,food#travel#photography#fitness
post_507,9240,546,fitness
post_508,3775,79,music
post_509,7312,326,fitness
post_510,3404,326,art#nature
post_511,8546,476,travel#fashion
post_512,443,730,art#lifestyle
post_513,5920,677,fitness#nature
post_514,3704,238,tech#music
post_515,6861,674,fashion#nature
post_516,4560,443,photography#food#fashion#art#fitness
post_517,6563,660,photography
post_518,3913,176,lifestyle#nature#fashion
post_519,288,914,travel#photography
post_520,519,105,nature#art#lifestyle#fashion
post_521,4997,532,nature#fashion#art#fitness#tech
post_522,3445,129,tech#art#fitness#photography
post_523,6870,512,lifestyle
post_524,6303,641,photography#food#tech
post_525,4889,634,art#photography#travel
post_526,5328,15,food#art#nature#lifestyle
post_527,3675,36,fitness#photography#lifestyle
post_528,6182,419,fitness#photography#art
post_529,757,515,music#food
post_530,7032,870,music#travel#lifestyle
post_531,944,794,lifestyle#fitness#tech#photography
post_532,7398,83,fashion#art#lifestyle#music
post_533,1355,123,fitness#nature
post_534,9455,256,food
post_535,4817,271,tech#food#lifestyle#nature
post_536,2380,222,fitness#photography#music#food
post_537,2528,749,food#tech#lifestyle
post_538,937,979,art#food
post_539,9648,785,tech#fashion#food#photography#nature
post_540,5692,730,lifestyle#food#fashion
post_541,3676,921,food#music#fashion
post_542,217,998,photography#lifestyle#art#fitness
post_543,9359,237,music#fitness#nature#fashion
post_544,7758,362,photography#fitness
post_545,7390,704,tech#lifestyle
post_546,9325,802,art#nature
post_547,9397,135,fitness#food#fashion#photography#lifestyle
post_548,341,520,food#music
post_549,3520,153,art#tech#food#travel#photography
post_550,4650,954,photography
post_551,2639,82,art#music#tech#fitness#nature
post_552,4898,242,lifestyle#art#nature#food
post_553,1044,646,food#lifestyle#photography#fashion
post_554,7836,984,nature
post_555,3670,497,fashion
post_556,189,861,music#fashion#fitness#travel#photography
post_557,1909,265,travel
post_558,2441,390,fitness#lifestyle#art
post_559,7509,969,lifestyle#music#fitness
post_560,2118,209,photography#lifestyle#fashion
post_561,1560,490,music
post_562,9405,549,fashion#nature#music
post_563,659,336,travel
post_564,8149,709,tech#music
post_565,6296,163,music#photography#nature#art#fashion
post_566,3884,418,travel#art
post_567,303,644,travel#photography#fashion
post_568,9652,935,tech#music#photography#travel#fitness
post_569,6218,568,art#nature#fashion
post_570,4643,278,tech#art#photography
post_571,5135,146,art#fitness#nature#tech#food
post_572,8991,628,fitness#tech
post_573,5357,949,tech#travel#art#music
post_574,5879,86,fitness#food#music
post_575,8475,141,music#fitness
post_576,1874,173,fashion#fitness#photography#lifestyle
post_577,1716,733,nature#music#art#tech#travel
post_578,4027,63,tech
post_579,6934,883,music
post_580,3140,889,fashion#fitness#food
post_581,9868,875,fitness#nature
post_582,4080,467,lifestyle#photography#travel#fashion
post_583,6971,836,photography#food#art#fashion#nature
post_584,475,877,travel#music
post_585,2987,357,music
post_586,4284,492,photography
post_587,1426,981,fitness#photography#fashion
post_588,4234,30,fashion#fitness#music#travel
post_589,4698,986,photography#tech#music#food#fashion
post_590,5934,269,fitness#travel
post_591,7011,593,fashion#lifestyle#nature#art
post_592,6444,736,tech#photography#music#art#travel
post_593,1269,100,food#lifestyle#photography#fitness
post_594,8754,3,food#tech#travel
post_595,5517,77,tech#music
post_596,9158,410,art#food#fitness
post_597,5418,639,fitness#photography#travel
post_598,3696,555,fitness#music#travel#food
post_599,8493,902,art#photography#food#music
post_600,2797,838,lifestyle#tech#travel#nature
post_601,5322,668,lifestyle#tech#nature#travel#fashion
post_602,5736,329,food#travel
post_603,2121,458,tech#music#lifestyle
post_604,9336,960,food#music#travel#art#fitness
post_605,2494,814,fitness
post_606,9257,579,travel#music#food#photography
post_607,2361,573,art#photography#fashion
post_608,8720,606,photography#fashion#art
post_609,5018,418,photography#art#music
post_610,4972,659,art#tech#fitness#lifestyle#music
post_611,9409,462,music#photography
post_612,6033,862,lifestyle#food
post_613,4913,401,fitness#tech#lifestyle#art#music
post_614,2527,547,fashion
post_615,4631,182,art#travel#photography#lifestyle
post_616,3263,549,music
post_617,6969,367,travel#music#food#fitness#art
post_618,1254,486,food#music#art#fashion#travel
post_619,8614,79,travel#lifestyle#photography#fashion#tech
post_620,1782,78,fashion
post_621,2350,175,tech#food#travel#photography#fashion
post_622,2197,967,fitness#fashion#tech#music#art
post_623,7322,153,lifestyle
post_624,5438,42,music#nature#food#art#fashion
post_625,997,915,nature
post_626,1510,398,music#nature#fitness#tech#travel
post_627,2016,826,travel#food#art#nature#photography
post_628,9133,160,nature#photography
post_629,148,355,fitness#food#tech
post_630,7757,216,lifestyle#music#fitness
post_631,8078,49,tech#lifestyle#photography
post_632,949,517,fitness#lifestyle#travel#tech#fashion
post_633,9341,357,nature
post_634,1027,835,fashion#lifestyle#art
post_635,4294,729,travel
post_636,3094,864,photography#music#fitness#travel
post_637,2625,459,tech#fashion#food#fitness
post_638,806,219,nature#lifestyle#music#food#photography
post_639,6671,332,music
post_640,9846,627,art#music#food
post_641,6848,332,lifestyle#tech#art
post_642,6827,208,food#art#photography
post_643,6085,886,tech
post_644,4586,711,music#nature
post_645,7445,160,photography#art#food#music
post_646,9165,662,music#lifestyle#food#art#photography
post_647,6784,118,tech#fashion#art
post_648,5302,312,food#tech#art#photography
post_649,1220,369,art#travel#fitness#food#tech
post_650,7940,949,food
post_651,5728,934,music
post_652,3203,41,music
post_653,7716,318,lifestyle#fashion
post_654,1050,349,fitness
post_655,4444,182,food#nature
post_656,6709,601,music#fashion
post_657,7739,239,fitness
post_658,9256,905,tech#travel#lifestyle#food
post_659,1667,152,fitness#lifestyle#tech
post_660,1580,35,art#fitness#tech#fashion#food
post_661,5283,411,travel#fitness#lifestyle#tech
post_662,4116,508,nature#travel
post_663,7002,609,art#tech#fitness#lifestyle#food
post_664,2190,208,lifestyle#nature
post_665,9210,395,travel#music#nature
post_666,370,958,art#travel
post_667,124,882,nature#art#travel
post_668,539,273,art#tech#nature
post_669,5057,708,art#travel#nature#photography#lifestyle
post_670,1166,352,lifestyle#travel
post_671,9459,227,nature#food#tech
post_672,4608,807,fitness#photography#food
post_673,40,153,travel#art#food
post_674,5218,350,tech
post_675,2239,178,tech#photography#food#fitness
post_676,2473,73,art#tech#travel#fashion#fitness
post_677,8128,538,tech#art#fitness#lifestyle
post_678,3717,675,nature#fitness
post_679,2297,882,art#nature
post_680,498,755,photography#lifestyle
post_681,7580,938,lifestyle#art#photography#food#fashion
post_682,872,615,lifestyle#photography#tech
post_683,8546,448,travel
post_684,4394,668,tech#food#nature#music#art
post_685,8507,639,nature
post_686,7880,749,travel
post_687,1080,26,fashion#art
post_688,8269,267,nature
post_689,1978,953,fitness#food
post_690,5784,171,music#fashion
post_691,9155,953,fitness#nature#tech
post_692,7164,263,art#travel#photography#nature#fashion
post_693,3668,281,lifestyle#art
post_694,5391,823,music#fashion#travel
post_695,5967,995,nature#music#tech#photography#fashion
post_696,1944,949,tech#art
post_697,316,382,art#lifestyle
post_698,1011,344,art#food
post_699,7369,673,music#fashion#lifestyle#fitness#travel
post_700,3310,708,lifestyle
post_701,3036,982,travel
post_702,8273,690,lifestyle
post_703,3315,159,music#fitness
post_704,551,295,fashion
post_705,5678,150,fitness#photography#food#music
post_706,7983,280,travel
post_707,4368,951,nature#art#fitness#travel#photography
post_708,7675,362,photography#fashion#music
post_709,7366,589,travel#food
post_710,1003,181,lifestyle#food#nature#art
post_711,5546,608,fitness#nature#music
post_712,7165,465,photography#art#fitness#music#nature
post_713,3161,369,fashion#travel
post_714,7152,130,art
post_715,1299,570,nature#photography#music#food#fitness
post_716,2184,150,fashion#art#food
post_717,5957,702,nature#travel#fashion#lifestyle
post_718,7251,114,music#fashion#nature#travel
post_719,9182,274,music#lifestyle#tech#nature
post_720,868,241,travel
post_721,4009,564,photography
post_722,9468,353,lifestyle#travel#food#music
post_723,4473,85,photography#travel
post_724,9309,941,music
post_725,9099,178,food#fitness#fashion#tech#nature
post_726,7070,205,tech
post_727,4981,636,art
post_728,8916,570,lifestyle#photography#travel#tech#art
post_729,6357,644,photography#travel#nature#food#music
post_730,2069,935,photography#music
post_731,4207,553,food#nature
post_732,1158,236,fashion
post_733,4074,178,nature
post_734,9911,413,nature
post_735,346,265,lifestyle#photography#tech
post_736,4342,563,fashion
post_737,4270,508,tech#food#art
post_738,9891,53,tech#fitness
post_739,6871,228,photography#lifestyle#art#fitness#travel
post_740,4116,406,art
post_741,9765,710,travel#art
post_742,4806,957,travel#tech#lifestyle
post_743,9463,646,food
post_744,6822,939,music#lifestyle#fashion
post_745,7575,530,music#food
post_746,9690,302,food#fitness#tech#art
post_747,718,503,fitness#lifestyle#photography#art#music
post_748,9151,499,photography#art
post_749,2233,843,food
post_750,1997,816,food#music#tech
post_751,7617,12,fitness#tech#fashion
post_752,2139,238,tech
post_753,4227,228,photography#art
post_754,8354,804,travel#fitness
post_755,5952,611,fitness#travel#photography
post_756,7518,229,fitness#nature#photography
post_757,9935,718,music
post_758,4781,521,music#lifestyle
post_759,4423,304,food#photography#fashion#lifestyle#tech
post_760,9155,169,tech#nature#music#photography
post_761,5501,783,music#photography#art
post_762,8890,857,tech#fashion#food#nature
post_763,9863,140,nature#lifestyle#tech#art
post_764,8960,106,photography#art#tech#travel
post_765,2273,235,lifestyle
post_766,9003,250,nature#photography#art
post_767,6691,929,food#nature#art#photography
post_768,2293,522,food#fitness#photography#music
post_769,8551,856,art#lifestyle#nature
post_770,6544,300,tech#photography
post_771,708,809,photography#fashion#tech#lifestyle#travel
post_772,9151,445,lifestyle#nature#art#photography#fitness
post_773,8970,682,tech#nature
post_774,2472,661,nature
post_775,1636,700,music#lifestyle#photography#nature
post_776,8158,142,nature
post_777,3421,294,fitness#nature#fashion
post_778,3409,957,fashion
post_779,9277,247,tech#lifestyle
post_780,2361,273,photography#nature#lifestyle#music
post_781,2149,467,fitness#photography#travel#art
post_782,7981,914,art#tech#fitness#photography
post_783,2427,786,food#fashion#nature#lifestyle#travel
post_784,9809,450,food#fitness#photography
post_785,2092,28,art#nature#food#fashion
post_786,5715,767,nature
post_787,644,760,music#art#food
post_788,8451,902,music#photography
post_789,8320,791,nature#tech
post_790,949,26,music
post_791,4870,343,travel
post_792,28,735,photography#fitness#music
post_793,3570,721,fitness#tech#nature#photography
post_794,5539,40,fashion
post_795,9144,461,photography#music#travel#lifestyle#tech
post_796,4279,93,fitness#lifestyle#travel#tech#food
post_797,1440,954,tech#photography#nature#music
post_798,1113,228,nature
post_799,3365,370,photography#art
post_800,6370,572,lifestyle#tech
post_801,7846,779,travel#nature#fitness#fashion#art
post_802,735,171,food#music#travel#lifestyle
post_803,5500,124,music#nature#photography#travel#tech
post_804,548,719,lifestyle#photography#food#art#fitness
post_805,3867,980,fitness#art#tech#food
post_806,2289,807,lifestyle#fitness
post_807,2556,272,travel#music#food
post_808,8353,739,music
post_809,1958,713,photography#fashion#nature#travel#art
post_810,4885,415,nature#music#photography
post_811,4327,786,travel#tech#photography#lifestyle
post_812,7713,951,food#music#photography#fashion
post_813,9832,994,photography
post_814,9927,473,nature#food#fitness#art
post_815,7482,426,nature#lifestyle#fashion#music#food
post_816,1556,413,fitness#art#fashion#music
post_817,3766,720,art
post_818,4667,934,food#photography#music
post_819,125,783,fashion#travel#music
post_820,4172,275,tech#lifestyle
post_821,7975,837,art#travel#food
post_822,2552,457,fashion#music#tech#photography#fitness
post_823,7636,57,fashion
post_824,6355,539,travel
post_825,8654,655,tech#fashion#fitness#photography
post_826,777,328,food#fitness
post_827,6639,410,photography
post_828,4904,915,tech#food#fitness
post_829,5241,480,fitness#travel#tech#lifestyle
post_830,6021,653,nature
post_831,2148,193,fitness
post_832,7759,250,music#nature
post_833,7303,237,fitness#photography
post_834,8815,219,travel
post_835,9077,663,art#tech#lifestyle
post_836,2417,82,music#fashion#art
post_837,6648,373,food#fashion
post_838,4704,7,music#fitness#food
post_839,8671,339,travel
post_840,6104,48,travel#fitness#nature
post_841,2740,427,fashion#food#lifestyle#nature#music
post_842,4412,134,tech
post_843,9735,656,fashion#art
post_844,3186,865,travel#music
post_845,255,498,nature#photography#travel#lifestyle#food
post_846,1353,165,fitness#fashion#music#food
post_847,7387,14,lifestyle#music#travel#photography
post_848,5431,919,fitness#fashion#lifestyle#music#tech
post_849,9047,299,travel#fitness#photography#fashion#tech
post_850,5470,729,fitness#nature#music#food
post_851,6539,50,photography#tech#art#nature#lifestyle
post_852,1357,257,tech#fashion
post_853,6225,418,art#fashion
post_854,3076,787,tech#music#photography
post_855,384,647,lifestyle#photography
post_856,9685,986,fitness#photography#lifestyle
post_857,2956,690,fitness#nature
post_858,5044,344,music
post_859,1624,723,music#nature#fashion#art#food
post_860,4131,573,fashion#music
post_861,9894,613,nature#photography#art#music#travel
post_862,3145,400,art
post_863,4778,500,food#travel
post_864,5940,269,art#nature#tech
post_865,3931,525,food#travel#tech#art
post_866,8660,568,music#nature#food
post_867,7613,719,tech#photography#fitness#art
post_868,9342,13,fitness#travel#photography#music
post_869,3335,9,lifestyle
post_870,2426,748,food
post_871,7996,954,photography#food#lifestyle#fashion#fitness
post_872,8713,269,music#art
post_873,2777,687,photography#food#lifestyle#fitness
post_874,3266,14,photography#travel#nature
post_875,5033,987,music#fitness
post_876,2683,840,art
post_877,4821,696,photography
post_878,6558,464,lifestyle#fitness#tech
post_879,3470,71,art#travel#fitness#music
post_880,5809,731,photography#travel#tech
post_881,9835,983,fitness#fashion
post_882,5300,731,fashion#food#nature#photography#fitness
post_883,496,839,tech#art#fashion
post_884,9057,563,food
post_885,9104,164,music#tech#photography#food
post_886,5201,740,nature
post_887,5897,933,travel
post_888,4389,365,nature#art#travel#photography
post_889,2731,660,lifestyle#art#food#fitness
post_890,4204,863,lifestyle#fashion#photography#nature
post_891,1250,345,tech
post_892,4930,650,photography#fitness#music#lifestyle#art
post_893,5732,49,nature#fashion#tech#photography#art
post_894,4599,571,fashion
post_895,3191,598,travel
post_896,2369,705,travel#art#music#fashion
post_897,2618,796,tech#fashion
post_898,8412,330,art
post_899,4596,806,food#fitness#tech#lifestyle#nature
post_900,643,67,fitness
post_901,2486,612,music#tech
post_902,1343,871,food
post_903,4607,674,photography#nature#lifestyle
post_904,1089,975,tech#lifestyle#art#music#food
post_905,1927,712,fitness#fashion#nature
post_906,397,425,fitness
post_907,9105,801,lifestyle
post_908,2978,728,lifestyle
post_909,6384,225,travel#music#photography#tech
post_910,9893,19,food
post_911,7734,877,fashion
post_912,8841,806,photography#fitness#travel
post_913,7044,764,lifestyle#art#fitness#fashion
post_914,4407,64,nature#fashion#photography#lifestyle#food
post_915,4001,57,fitness#lifestyle
post_916,1670,178,food#travel#tech#fitness#nature
post_917,1513,587,art#photography#tech#lifestyle#fitness
post_918,6703,40,food#lifestyle
post_919,6825,146,food#nature
post_920,2452,232,photography#fitness#nature
post_921,8003,874,art#nature#photography#fashion#tech
post_922,7638,926,tech#music
post_923,4070,604,nature#art#fitness
post_924,6116,226,nature
post_925,5774,265,art#lifestyle
post_926,3118,884,fashion
post_927,2165,609,fitness#nature#fashion#music
post_928,1150,11,lifestyle#music
post_929,1041,844,art#music#travel#lifestyle
post_930,1925,820,food#art#fashion#lifestyle#music
post_931,4507,765,travel#lifestyle
post_932,9006,19,fitness#travel#lifestyle#food#fashion
post_933,3860,184,nature#art#travel#photography#music
post_934,3534,332,photography#travel#art#fashion
post_935,8915,344,travel#nature#food
post_936,8942,865,photography#art#music#fitness
post_937,5731,487,nature#food#fashion#fitness#tech
post_938,5632,417,tech#fitness#fashion
post_939,8704,147,food#travel#tech#fashion
post_940,1610,814,travel#nature#photography#music
post_941,5206,884,fashion
post_942,6029,88,food#fitness#tech
post_943,889,17,fitness#nature
post_944,7947,387,nature#music
post_945,9684,330,fitness#travel#lifestyle
post_946,1617,355,fashion#nature#tech
post_947,8100,5,fashion#tech#lifestyle#food#nature
post_948,9906,795,food#music#lifestyle#photography
post_949,8309,549,nature#art#photography#tech
post_950,7029,501,travel#fashion#food#art
post_951,9868,333,fashion#fitness
post_952,9929,134,music#lifestyle
post_953,3207,986,fashion#fitness
post_954,5485,50,fitness
post_955,6318,428,food#tech#lifestyle#fitness
post_956,9861,624,lifestyle#nature
post_957,8486,35,fashion#tech#food#travel
post_958,1935,207,art#fitness
post_959,60,323,fashion#tech#travel
post_960,6299,187,travel#fitness
post_961,8337,979,food#travel#photography#nature
post_962,7691,199,fitness#travel#fashion
post_963,7472,453,photography
post_964,8288,821,travel#food#art
post_965,6837,320,nature
post_966,5316,759,food#lifestyle#art#travel#fashion
post_967,7658,819,food#music#art#travel
post_968,6766,817,art
post_969,1795,882,music#lifestyle#photography
post_970,6408,469,lifestyle#nature#music
post_971,1962,558,food#nature
post_972,8622,457,lifestyle#tech#food#art#photography
post_973,2673,923,lifestyle#nature#music#photography
post_974,3417,33,art#tech#fitness#travel#fashion
post_975,9294,848,nature
post_976,5654,479,fitness#art#nature#photography
post_977,8023,962,fashion#fitness
post_978,6623,231,fitness
post_979,6951,907,fashion#fitness#tech#travel#music
post_980,3240,726,music
post_981,2632,966,nature#travel#lifestyle
post_982,952,977,food#music#fashion#art
post_983,1621,356,music#photography#nature
post_984,3603,304,food#travel#lifestyle
post_985,5586,765,fashion
post_986,2615,765,travel#music#art
post_987,8873,572,music#travel
post_988,6777,469,music#travel#fitness#photography
post_989,6630,624,music#tech
post_990,9537,99,art#food#travel#nature#music
post_991,525,788,food#music
post_992,5165,207,fashion#nature#music
post_993,2762,784,nature#tech#travel
post_994,3548,663,fashion#food#tech#nature
post_995,114,721,tech#fashion#travel#food
post_996,3434,447,nature#photography
post_997,2891,411,nature#travel#fitness#art
post_998,2374,54,travel#lifestyle#fashion#food
post_999,836,980,fashion#lifestyle#fitness#food
post_1000,3213,516,music#fitness#photography#art
